environment,method_base,x,y
ant,CRL + Oracle,0.3893594741821289,0.8269646167755127
ant,CRL + GoalKDE,0.1569401025772094,0.4469204545021057
ant,GCBC,0.2909383177757263,0.9377480745315552
pusher_easy,CRL + Oracle,0.1427680253982544,0.3550401329994201
pusher_easy,CRL + GoalKDE,0.0559828877449035,0.1244298815727233
pusher_easy,GCBC,0.1786262392997741,0.4341572523117065
reacher,CRL + Oracle,0.1991274356842041,0.6509250402450562
reacher,CRL + GoalKDE,0.237047016620636,1.0041780471801758
reacher,GCBC,0.8177922964096069,1.0334982872009275
